"Variable","t-value","df","p-value"
"TOC_TN","-11.02","6","3.32265521412619e-05"
"TOC_TP","-2.03","6","0.089210737233327"
"DOC_DIN","-8.14","6","0.000185017638543759"
"DOC_NH4","-7.78","6","0.000236989326902932"
"DOC_DRP","-7.11","6","0.00038874495924845"
"TN_TP","5.77","6","0.00118046626674339"
"DIN_DRP","10.76","6","3.81783871039565e-05"
"-99","-99","-99","-99"
