"Variable","t-value","df","p-value"
"TOC","14.72","6","6.1740056227623e-06"
"DOC","15.59","6","4.41435367516636e-06"
"TN","18.64","6","1.53987243120704e-06"
"NH4","18.5","6","1.60933087006681e-06"
"NO3","-9.31","6","8.71569581970822e-05"
"TP","9.39","6","8.28598057929511e-05"
"DRP","16.61","6","3.04171437042747e-06"
