"Variable","t-value","df","p-value"
"TOC","12.8","6","1.39672905961401e-05"
"DOC","12.92","6","1.32024520803138e-05"
"TN","16.44","6","3.2306596419013e-06"
"DIN","9.4","6","8.21736174373069e-05"
"NH4","6.19","6","0.0008161558870554"
"NO3","-4.51","6","0.00406211809808834"
"TP","4.72","6","0.00326238344171622"
"FRP","8.83","6","0.000117038502516344"
