Fsed_dic,Ksed_dic,theta_sed_dic
84848170.3606834,-2189365.23895013,-30193022.4705381
142711252.252666,-8329874.15292,60881303.1391313
138981218.293255,-1178410.77268163,17303121.8502162
